City_ID,City,Country,Date,Lat,Lng,Max Temp,Humidity,Cloudiness,Wind Speed
0,Dong Hoi,VN,2022-01-06 04:54:26,17.4833,106.6,75.63,80,96,6.17
1,Katherine,AU,2022-01-06 04:54:27,-14.4667,132.2667,93.52,52,40,11.5
2,Mitu,CO,2022-01-06 04:54:27,1.1983,-70.1733,74.21,75,98,1.48
3,Namatanai,PG,2022-01-06 04:54:28,-3.6667,152.4333,81.05,82,91,9.24
4,Ponta Delgada,PT,2022-01-06 04:54:29,37.7333,-25.6667,61.52,94,75,9.22
5,Cidreira,BR,2022-01-06 04:54:30,-30.1811,-50.2056,71.04,65,95,12.93
6,Ushuaia,AR,2022-01-06 04:49:46,-54.8,-68.3,40.75,87,65,4.94
7,Peniche,PT,2022-01-06 04:54:31,39.3558,-9.3811,50.74,90,96,18.68
8,Durango,MX,2022-01-06 04:50:05,24.8333,-104.8333,53.13,25,0,5.5
9,Vanimo,PG,2022-01-06 04:54:32,-2.6741,141.3028,84.33,72,96,12.24
10,Mount Isa,AU,2022-01-06 04:54:33,-20.7333,139.5,98.37,9,2,12.66
11,Bluff,NZ,2022-01-06 04:54:34,-46.6,168.3333,55.8,59,93,13.71
12,Vaini,TO,2022-01-06 04:54:35,-21.2,-175.2,84.36,89,75,10.36
13,Nishihara,JP,2022-01-06 04:54:36,26.1842,127.7558,69.46,73,90,13.8
14,Tuktoyaktuk,CA,2022-01-06 04:54:36,69.4541,-133.0374,6.8,85,90,29.93
15,Airai,TL,2022-01-06 04:54:37,-8.9266,125.4092,70.14,75,99,2.62
16,Beira,MZ,2022-01-06 04:54:38,-19.8436,34.8389,78.89,94,75,1.99
17,Kaitangata,NZ,2022-01-06 04:54:39,-46.2817,169.8464,54.93,66,49,14.79
18,Iqaluit,CA,2022-01-06 04:54:39,63.7506,-68.5145,-4.27,77,90,26.46
19,Hithadhoo,MV,2022-01-06 04:54:40,-0.6,73.0833,82.4,74,80,11.63
20,Taksimo,RU,2022-01-06 04:54:42,56.3444,114.8794,-2.13,94,100,1.83
21,Fuzhou,CN,2022-01-06 04:54:42,26.0614,119.3061,58.89,83,100,5.28
22,Qaanaaq,GL,2022-01-06 04:54:43,77.484,-69.3632,-1.07,55,0,8.01
23,Mataura,NZ,2022-01-06 04:54:44,-46.1927,168.8643,55.47,55,96,7.02
24,Upernavik,GL,2022-01-06 04:54:45,72.7868,-56.1549,8.29,89,100,5.35
25,Ancud,CL,2022-01-06 04:54:46,-41.8697,-73.8203,52.43,91,40,0.29
26,Albany,US,2022-01-06 04:52:45,42.6001,-73.9662,39.81,87,100,1.99
27,Puerto Ayora,EC,2022-01-06 04:54:47,-0.7393,-90.3518,70.93,88,43,7.11
28,Catalina,US,2022-01-06 04:54:48,32.5056,-110.9211,53.08,45,0,1.01
29,Dikson,RU,2022-01-06 04:54:49,73.5069,80.5464,-10.19,94,100,9.28
30,Thio,NC,2022-01-06 04:54:50,-21.6167,166.2167,75.16,93,100,9.42
31,Thompson,CA,2022-01-06 04:54:51,55.7435,-97.8558,-18.24,69,90,12.66
32,Turukhansk,RU,2022-01-06 04:54:52,65.8167,87.9833,-14.19,91,100,8.14
33,Dingle,PH,2022-01-06 04:54:53,10.9995,122.6711,79.93,74,92,11.14
34,Madimba,TZ,2022-01-06 04:54:54,-10.4,40.3333,78.12,94,40,9.22
35,Pandan,PH,2022-01-06 04:54:55,14.0453,124.1694,81.05,59,59,8.99
36,Bud,US,2022-01-06 04:54:55,39.447,-86.1758,19.45,72,57,15.19
37,East London,ZA,2022-01-06 04:54:45,-33.0153,27.9116,67.14,94,90,4.61
38,Aguimes,ES,2022-01-06 04:54:57,27.9054,-15.4461,61.43,63,75,18.41
39,Maumere,ID,2022-01-06 04:54:58,-8.6199,122.2111,82.38,75,87,3.36
40,Bathsheba,BB,2022-01-06 04:54:58,13.2167,-59.5167,77.61,78,40,12.66
41,Hermanus,ZA,2022-01-06 04:54:59,-34.4187,19.2345,66.79,81,23,13.13
42,Arraial Do Cabo,BR,2022-01-06 04:55:00,-22.9661,-42.0278,74.16,95,100,18.43
43,Labuhan,ID,2022-01-06 04:55:01,-6.8844,112.2051,85.33,67,74,4.9
44,Wanning,CN,2022-01-06 04:55:01,18.8003,110.3967,76.33,66,14,9.62
45,Sosnovo-Ozerskoye,RU,2022-01-06 04:56:03,52.5249,111.5418,2.93,88,64,3.47
46,Bone,DE,2022-01-06 04:56:04,51.9669,12.1396,35.91,80,76,11.18
47,Ambilobe,MG,2022-01-06 04:56:05,-13.2,49.05,81.0,77,96,1.7
48,Elizabeth City,US,2022-01-06 04:56:05,36.2946,-76.2511,49.01,97,90,5.99
49,Avarua,CK,2022-01-06 04:56:06,-21.2078,-159.775,82.45,74,69,2.3
50,Saskylakh,RU,2022-01-06 04:56:07,71.9167,114.0833,-13.5,93,100,17.09
51,Karaton,ID,2022-01-06 04:56:08,-6.3424,106.1045,92.95,53,77,4.9
52,Bonavista,CA,2022-01-06 04:56:09,48.6499,-53.1147,38.12,85,100,27.94
53,Punta Arenas,CL,2022-01-06 04:52:13,-53.15,-70.9167,50.11,81,0,5.75
54,Waipawa,NZ,2022-01-06 04:56:10,-41.4122,175.5153,58.46,76,100,13.11
55,Emba,KZ,2022-01-06 04:56:11,48.8264,58.1442,22.01,96,99,7.11
56,Provideniya,RU,2022-01-06 04:56:14,64.3833,-173.3,18.88,43,33,6.73
57,Half Moon Bay,US,2022-01-06 04:51:46,37.4636,-122.4286,57.79,93,20,9.22
58,Mountain Home,US,2022-01-06 04:51:29,43.133,-115.6912,33.8,100,90,8.05
59,Cape Town,ZA,2022-01-06 04:56:17,-33.9258,18.4232,65.12,74,0,3.44
60,Yarega,RU,2022-01-06 04:56:18,63.4354,53.5765,-0.89,90,100,8.93
61,Shingu,JP,2022-01-06 04:56:19,33.7333,135.9833,43.92,95,100,4.94
62,Souillac,MU,2022-01-06 04:56:20,-20.5167,57.5167,82.36,83,75,4.61
63,Rikitea,PF,2022-01-06 04:56:22,-23.1203,-134.9692,77.77,69,100,8.16
64,Barrow,US,2022-01-06 04:56:22,71.2906,-156.7887,-3.44,91,81,8.25
65,Yellowknife,CA,2022-01-06 04:56:23,62.456,-114.3525,-29.7,68,20,6.91
66,Menongue,AO,2022-01-06 04:56:25,-14.6585,17.691,63.82,93,100,3.42
67,Praia,CV,2022-01-06 04:56:26,14.9215,-23.5087,72.14,83,0,17.27
68,Hobart,AU,2022-01-06 04:56:17,-42.8794,147.3294,63.23,89,90,6.91
69,Cockburn Town,TC,2022-01-06 04:56:27,21.4612,-71.1419,78.84,71,2,15.43
70,Hilo,US,2022-01-06 04:56:28,19.7297,-155.09,76.73,86,75,5.75
71,Muros,ES,2022-01-06 04:56:28,42.7762,-9.0603,49.98,96,88,4.07
72,Tasiilaq,GL,2022-01-06 04:56:29,65.6145,-37.6368,31.91,89,100,34.85
73,Kruisfontein,ZA,2022-01-06 04:56:30,-34.0033,24.7314,64.89,75,70,12.77
74,Butaritari,KI,2022-01-06 04:56:31,3.0707,172.7902,82.15,76,98,14.72
75,Cherskiy,RU,2022-01-06 04:56:32,68.75,161.3,-14.35,100,100,1.3
76,Ayr,GB,2022-01-06 04:56:33,55.4627,-4.6339,38.5,80,75,8.05
77,Dawei,MM,2022-01-06 04:56:33,14.0833,98.2,89.33,41,59,4.38
78,Meulaboh,ID,2022-01-06 04:56:35,4.1363,96.1285,84.72,68,65,1.43
79,Vestmannaeyjar,IS,2022-01-06 04:56:36,63.4427,-20.2734,42.57,78,100,40.09
80,Husavik,IS,2022-01-06 04:56:36,66.0449,-17.3389,40.91,77,100,35.97
81,Atar,MR,2022-01-06 04:56:37,20.5169,-13.0499,60.66,26,83,8.84
82,Minbu,MM,2022-01-06 04:56:38,20.1833,94.8833,78.73,41,82,5.17
83,Faanui,PF,2022-01-06 04:56:39,-16.4833,-151.75,82.04,68,67,4.97
84,New Norfolk,AU,2022-01-06 04:56:40,-42.7826,147.0587,62.89,78,100,1.01
85,Yumen,CN,2022-01-06 04:56:41,40.2833,97.2,25.7,35,0,17.56
86,Rivera,UY,2022-01-06 04:57:42,-30.9053,-55.5508,59.68,72,0,9.82
87,Nanortalik,GL,2022-01-06 04:57:42,60.1432,-45.2371,23.9,71,100,38.05
88,Araguari,BR,2022-01-06 04:57:43,-18.6472,-48.1872,70.09,96,100,2.64
89,Port Elizabeth,ZA,2022-01-06 04:55:48,-33.918,25.5701,67.1,77,40,6.91
90,Atuona,PF,2022-01-06 04:57:44,-9.8,-139.0333,78.87,71,89,14.92
91,Klaksvik,FO,2022-01-06 04:57:45,62.2266,-6.589,38.32,74,100,34.63
92,Omboue,GA,2022-01-06 04:57:45,-1.5746,9.2618,75.99,93,99,4.25
93,Deputatskiy,RU,2022-01-06 04:57:46,69.3,139.9,-26.66,93,82,3.76
94,Egvekinot,RU,2022-01-06 04:57:46,66.3167,-179.1667,18.28,69,62,8.3
95,Castro,BR,2022-01-06 04:53:38,-24.7911,-50.0119,61.75,98,15,3.85
96,Luanda,AO,2022-01-06 04:56:37,-8.8368,13.2343,75.2,88,40,3.44
97,Bom Jardim,BR,2022-01-06 04:57:47,-7.7958,-35.5872,73.74,93,41,2.35
98,Broome,US,2022-01-06 04:57:47,42.2506,-75.833,38.66,70,97,4.0
99,Tuatapere,NZ,2022-01-06 04:57:48,-46.1333,167.6833,55.81,58,81,9.24
100,Dongsheng,CN,2022-01-06 04:57:48,39.8161,109.9776,27.48,62,84,5.01
101,Victor Harbor,AU,2022-01-06 04:57:49,-35.5667,138.6167,73.8,82,56,1.01
102,Segamat,MY,2022-01-06 04:57:49,2.5148,102.8158,87.62,57,60,7.78
103,Jamestown,US,2022-01-06 04:52:55,42.097,-79.2353,26.24,51,90,18.99
104,Aklavik,CA,2022-01-06 04:57:50,68.2191,-135.0107,7.52,93,100,2.06
105,Talnakh,RU,2022-01-06 04:57:50,69.4865,88.3972,-12.8,87,100,12.26
106,Busselton,AU,2022-01-06 04:57:50,-33.65,115.3333,94.08,35,0,10.36
107,Chuy,UY,2022-01-06 04:57:51,-33.6971,-53.4616,64.92,61,14,8.48
108,Hamilton,US,2022-01-06 04:57:51,39.1834,-84.5333,27.03,69,73,5.99
109,Potsdam,DE,2022-01-06 04:57:52,52.3989,13.0657,35.06,74,72,4.0
110,Sirnak,TR,2022-01-06 04:57:52,37.5228,42.4594,28.53,58,2,4.92
111,Pangoa,PE,2022-01-06 04:57:53,-12.1167,-73.0,69.46,92,100,3.22
112,Cairns,AU,2022-01-06 04:57:53,-16.9167,145.7667,99.07,63,34,9.22
113,Dzilam Gonzalez,MX,2022-01-06 04:57:53,21.2833,-88.9333,70.43,90,98,5.66
114,Pestravka,RU,2022-01-06 04:57:54,52.405,49.9583,20.91,94,100,14.47
115,Saint-Philippe,RE,2022-01-06 04:57:54,-21.3585,55.7679,83.79,77,100,2.95
116,Vila Franca Do Campo,PT,2022-01-06 04:57:55,37.7167,-25.4333,61.21,91,87,5.93
117,Bereda,ES,2022-01-06 04:57:55,43.2686,-7.5406,48.0,100,91,1.59
118,Mareeba,AU,2022-01-06 04:57:56,-17.0,145.4333,94.44,57,71,0.65
119,Sept-Iles,CA,2022-01-06 04:53:47,50.2001,-66.3821,11.05,85,90,1.01
120,Bajos De Haina,DO,2022-01-06 04:57:57,18.4154,-70.0332,74.21,90,10,7.11
121,Halesowen,GB,2022-01-06 04:57:57,52.4486,-2.0494,33.96,92,5,5.39
122,Musoma,TZ,2022-01-06 04:54:15,-1.5,33.8,68.02,88,75,0.0
123,Touros,BR,2022-01-06 04:57:58,-5.1989,-35.4608,79.7,83,100,7.63
124,Port Alfred,ZA,2022-01-06 04:57:58,-33.5906,26.891,68.13,79,96,14.83
125,Anadyr,RU,2022-01-06 04:57:59,64.75,177.4833,5.5,85,0,6.71
126,Griffith,US,2022-01-06 04:57:59,41.5284,-87.4237,12.88,75,75,1.99
127,Papara,BR,2022-01-06 04:57:59,-3.9839,-38.7273,79.68,96,69,2.3
128,Fereydunshahr,IR,2022-01-06 04:58:00,32.941,50.121,18.39,34,3,1.19
129,Oranjemund,NA,2022-01-06 04:58:00,-28.55,16.4333,64.22,82,89,11.52
130,Sheksna,RU,2022-01-06 04:58:01,59.21,38.5107,19.36,96,100,7.29
131,Port Augusta,AU,2022-01-06 04:58:01,-32.5,137.7667,77.7,50,95,17.72
132,Saldanha,ZA,2022-01-06 04:59:02,-33.0117,17.9442,57.25,81,51,1.61
133,Saint George,US,2022-01-06 04:58:05,37.1041,-113.5841,48.54,60,33,1.88
134,Qaqortoq,GL,2022-01-06 04:59:04,60.7167,-46.0333,20.39,75,100,32.48
135,Manado,ID,2022-01-06 04:59:04,1.487,124.8455,84.97,79,40,4.61
136,Balyaga,RU,2022-01-06 04:59:05,51.1507,108.921,12.97,75,46,2.33
137,Torbay,CA,2022-01-06 04:59:06,47.6666,-52.7314,37.27,86,75,16.11
138,Carnarvon,AU,2022-01-06 04:59:06,-24.8667,113.6333,89.67,55,0,14.97
139,Olafsvik,IS,2022-01-06 04:59:07,64.8945,-23.7142,40.75,81,100,47.65
140,Mehamn,NO,2022-01-06 04:59:07,71.0357,27.8492,30.38,69,100,29.42
141,Kikugawa,JP,2022-01-06 04:59:07,34.7563,138.0874,41.77,100,75,2.3
142,Soyo,AO,2022-01-06 04:59:08,-6.1349,12.3689,77.67,86,100,5.97
143,Ha Giang,VN,2022-01-06 04:59:08,22.8333,104.9833,74.05,65,84,3.83
144,Kinna,SE,2022-01-06 04:59:09,57.5073,12.6946,24.24,69,1,6.38
145,Sandorfalva,HU,2022-01-06 04:59:09,46.3609,20.0989,40.14,72,100,13.91
146,Bredasdorp,ZA,2022-01-06 04:59:10,-34.5322,20.0403,66.27,77,36,10.36
147,Belmonte,BR,2022-01-06 04:59:10,-15.8631,-38.8828,75.7,86,99,9.17
148,Starachowice,PL,2022-01-06 04:59:11,51.0374,21.0713,37.65,84,100,14.16
149,Bagdarin,RU,2022-01-06 04:59:11,54.4333,113.6,6.62,84,92,1.5
150,Khatanga,RU,2022-01-06 04:59:11,71.9667,102.5,-11.63,100,98,1.74
151,Flinders,AU,2022-01-06 04:59:12,-34.5833,150.8552,80.2,77,65,15.35
152,La Union,PE,2022-01-06 04:59:12,-5.4,-80.75,70.93,77,8,9.19
153,Namibe,AO,2022-01-06 04:59:13,-15.1961,12.1522,66.72,87,20,3.8
154,Goderich,CA,2022-01-06 04:59:13,43.7501,-81.7165,26.91,86,100,23.02
155,Teya,RU,2022-01-06 04:59:14,60.3778,92.6267,2.1,93,82,7.43
156,Sainte-Anne-Des-Monts,CA,2022-01-06 04:59:14,49.124,-66.4924,19.27,86,100,4.61
157,Chokurdakh,RU,2022-01-06 04:59:15,70.6333,147.9167,-22.02,99,100,5.08
158,Mahebourg,MU,2022-01-06 04:59:15,-20.4081,57.7,83.25,83,75,4.61
159,Curvelo,BR,2022-01-06 04:59:16,-18.7564,-44.4308,68.41,99,100,5.93
160,Qala,AZ,2022-01-06 04:59:16,40.4418,50.1681,44.49,93,0,13.8
161,Mackay,AU,2022-01-06 04:59:17,-21.15,149.2,93.69,70,15,13.8
162,Port Blair,IN,2022-01-06 04:59:17,11.6667,92.75,82.78,68,37,14.14
163,Varkaus,FI,2022-01-06 04:59:18,62.3153,27.873,23.11,91,100,9.57
164,Rocha,UY,2022-01-06 04:59:18,-34.4833,-54.3333,58.66,72,0,4.16
165,Nobres,BR,2022-01-06 04:59:18,-14.7203,-56.3275,73.36,95,100,2.01
166,Huilong,CN,2022-01-06 04:59:19,31.8111,121.655,50.04,58,46,15.03
167,Salem,IN,2022-01-06 04:59:19,11.65,78.1667,77.2,69,20,0.0
168,Fairbanks,US,2022-01-06 04:55:53,64.8378,-147.7164,-27.98,70,1,0.0
169,Itoman,JP,2022-01-06 04:59:20,26.1247,127.6694,69.82,68,75,21.85
170,Pevek,RU,2022-01-06 04:59:20,69.7008,170.3133,-5.94,100,62,1.68
171,Melfi,IT,2022-01-06 04:59:21,40.9965,15.6514,51.49,73,100,1.77
172,Orange Cove,US,2022-01-06 04:59:21,36.6244,-119.3137,50.85,87,31,3.31
173,Kingman,US,2022-01-06 04:59:22,35.1894,-114.053,48.9,43,0,5.95
174,Sabang,ID,2022-01-06 04:59:22,5.8933,95.3214,80.44,79,71,14.94
175,Ponta Do Sol,PT,2022-01-06 04:59:22,32.6667,-17.1,62.01,67,12,4.74
176,Mayo,US,2022-01-06 05:00:27,38.8876,-76.5119,43.99,87,100,1.01
177,Yantal,RU,2022-01-06 05:00:29,56.8471,105.2542,20.57,94,100,3.62
178,Byron Bay,AU,2022-01-06 05:00:31,-28.65,153.6167,81.72,92,33,13.02
179,Itarema,BR,2022-01-06 05:00:32,-2.9248,-39.9167,77.77,84,99,7.52
180,Laramie,US,2022-01-06 05:00:39,41.3114,-105.5911,24.35,82,90,13.8
181,Reyes,BO,2022-01-06 05:00:40,-14.3167,-67.3833,73.94,95,100,3.09
182,Skelleftea,SE,2022-01-06 05:00:42,64.7507,20.9528,12.56,66,6,1.01
183,Surovikino,RU,2022-01-06 05:00:42,48.6078,42.8486,39.58,98,100,11.52
184,Santa Cruz,BO,2022-01-06 05:00:14,-17.8,-63.1667,70.41,93,81,3.69
185,Los Llanos De Aridane,ES,2022-01-06 05:00:44,28.6585,-17.9182,60.55,74,75,11.01
186,Uvalde,US,2022-01-06 05:00:45,29.3669,-99.767,55.4,19,1,6.91
187,Laguna,US,2022-01-06 05:00:45,38.421,-121.4238,54.1,96,90,1.01
188,Yulara,AU,2022-01-06 05:00:46,-25.2406,130.9889,93.16,17,0,5.19
189,Georgiyevka,KZ,2022-01-06 05:00:46,43.0369,74.7114,33.84,86,100,6.71
190,Saint Anthony,US,2022-01-06 05:00:47,45.0205,-93.218,5.67,79,90,8.01
191,Tilichiki,RU,2022-01-06 05:00:47,60.4667,166.1,-2.07,95,45,9.44
192,Hovd,MN,2022-01-06 05:00:48,48.0056,91.6419,6.93,72,93,2.08
193,Tiksi,RU,2022-01-06 05:00:48,71.6872,128.8694,-32.44,95,38,5.19
194,Westport,US,2022-01-06 05:00:49,41.1415,-73.3579,42.75,97,40,5.01
195,Luderitz,NA,2022-01-06 05:00:49,-26.6481,15.1594,61.27,77,0,13.02
196,Bemidji,US,2022-01-06 04:59:16,47.4736,-94.8803,-6.86,81,40,9.22
197,Jalu,LY,2022-01-06 05:00:50,29.0331,21.5482,53.62,57,94,9.73
198,Lavrentiya,RU,2022-01-06 05:00:50,65.5833,-171.0,12.07,60,67,5.57
199,Camacha,PT,2022-01-06 05:00:51,33.0833,-16.3333,58.53,63,75,16.11
200,Pilikwe,BW,2022-01-06 05:00:52,-22.799,27.1938,76.82,53,81,4.12
201,Ossora,RU,2022-01-06 05:00:52,59.2353,163.0719,14.32,90,93,11.39
202,Berlevag,NO,2022-01-06 05:00:53,70.8578,29.0864,23.99,84,100,22.06
203,Gbarnga,LR,2022-01-06 05:00:53,6.9956,-9.4722,67.35,96,43,1.52
204,Cedar Lake,US,2022-01-06 05:00:53,41.3648,-87.4411,12.09,77,100,17.36
205,Beringovskiy,RU,2022-01-06 05:00:54,63.05,179.3167,-0.38,95,61,7.56
206,Haines Junction,CA,2022-01-06 05:00:54,60.7522,-137.5108,-39.77,100,83,1.68
207,Presidente Epitacio,BR,2022-01-06 05:00:55,-21.7633,-52.1156,72.75,90,63,4.29
208,Ust-Nera,RU,2022-01-06 05:00:55,64.5667,143.2,-19.14,98,54,1.66
209,Komsomolskiy,UZ,2022-01-06 05:00:55,40.4272,71.7189,38.12,81,100,4.61
210,Sydney,AU,2022-01-06 04:56:15,-33.8679,151.2073,80.55,77,75,3.0
211,Omsukchan,RU,2022-01-06 05:00:56,62.5333,155.8,-3.42,98,100,3.87
212,Geraldton,AU,2022-01-06 05:00:56,-28.7667,114.6,82.81,61,5,19.57
213,Porto Novo,BJ,2022-01-06 05:00:34,6.4965,2.6036,75.97,71,16,1.99
214,Nata,PA,2022-01-06 05:00:57,8.3333,-80.5167,72.3,85,81,6.42
215,Casablanca,MA,2022-01-06 05:00:57,33.5928,-7.6192,51.75,71,44,6.4
216,Luang Prabang,LA,2022-01-06 05:00:58,19.8856,102.1347,84.85,35,7,0.6
217,Visby,SE,2022-01-06 04:56:05,57.6409,18.296,28.62,86,90,21.85
218,Port Hardy,CA,2022-01-06 05:00:10,50.6996,-127.4199,33.76,93,100,25.55
219,Xinqing,CN,2022-01-06 05:00:59,48.2333,129.5,2.71,77,41,3.53
220,Cabedelo,BR,2022-01-06 05:00:59,-6.9811,-34.8339,78.44,79,49,6.85
221,San Ignacio,BZ,2022-01-06 05:00:59,17.1561,-89.0714,66.29,98,5,1.99
222,Onega,RU,2022-01-06 05:01:00,63.9061,38.1404,20.44,94,100,11.79
223,Mabaruma,GY,2022-01-06 05:01:00,8.2,-59.7833,69.26,95,16,2.44
224,Nyagan,RU,2022-01-06 05:02:01,62.1406,65.3936,-19.35,97,32,3.91
225,Humboldt,US,2022-01-06 05:02:01,40.6665,-123.9178,45.72,97,100,3.06
226,Erenhot,CN,2022-01-06 05:02:02,43.6475,111.9767,19.69,41,0,2.53
227,Ribeira Grande,PT,2022-01-06 05:02:02,38.5167,-28.7,60.53,71,100,21.74
228,Bodden Town,KY,2022-01-06 05:02:02,19.2833,-81.25,74.93,74,0,9.48
229,Fortuna,US,2022-01-06 04:59:23,40.5982,-124.1573,54.52,96,90,9.22
230,Margate,GB,2022-01-06 05:02:03,51.3813,1.3862,33.31,92,7,8.97
231,Namtsy,RU,2022-01-06 05:02:03,62.7161,129.6658,-50.69,100,80,1.23
232,Kutum,SD,2022-01-06 05:02:04,14.2,24.6667,55.47,34,17,5.32
233,Kavaratti,IN,2022-01-06 05:02:04,10.5669,72.642,80.47,68,28,9.1
234,Esperance,AU,2022-01-06 05:02:05,-33.8667,121.9,74.66,53,0,19.17
235,Sao Joao Da Barra,BR,2022-01-06 05:02:05,-21.6403,-41.0511,75.79,88,100,11.65
236,Djambala,CG,2022-01-06 05:02:06,-2.5447,14.7533,67.24,80,81,3.0
237,Quzhou,CN,2022-01-06 05:02:06,28.9594,118.8686,49.46,75,100,10.51
238,Pisco,PE,2022-01-06 05:02:07,-13.7,-76.2167,70.02,89,100,1.07
239,San Patricio,US,2022-01-06 05:02:07,28.017,-97.5169,69.89,92,0,4.68
240,Vangaindrano,MG,2022-01-06 05:02:07,-23.35,47.6,76.15,83,98,8.08
241,Khelyulya,RU,2022-01-06 05:02:08,61.7333,30.6833,18.93,96,90,8.03
242,Tourlaville,FR,2022-01-06 05:02:08,49.6383,-1.5664,43.66,65,90,0.0
243,Valparaiso,CL,2022-01-06 04:57:47,-33.0393,-71.6273,58.64,88,20,3.44
244,Lorengau,PG,2022-01-06 05:01:16,-2.0226,147.2712,83.59,67,99,13.09
245,Najran,SA,2022-01-06 05:02:09,17.4924,44.1277,56.73,59,63,3.62
246,Matay,EG,2022-01-06 05:02:10,28.419,30.7792,50.83,73,40,5.59
247,Miri,MY,2022-01-06 05:02:10,4.4148,114.0089,83.71,70,46,7.7
248,Kuloy,RU,2022-01-06 05:02:10,61.0305,42.4925,14.45,93,100,9.17
249,Aksarka,RU,2022-01-06 05:02:11,66.5606,67.7975,-34.94,96,7,4.81
250,Khor,RU,2022-01-06 05:02:11,47.8861,134.9464,-1.08,87,52,5.12
251,Ilulissat,GL,2022-01-06 05:02:12,69.2167,-51.1,21.22,86,75,2.3
252,Balsas,BR,2022-01-06 05:02:12,-7.5325,-46.0356,72.37,96,100,1.79
253,Baghdad,IQ,2022-01-06 05:00:42,33.3406,44.4009,48.11,59,0,10.13
254,Norman Wells,CA,2022-01-06 05:02:13,65.282,-126.8329,-5.15,79,97,1.5
255,Bela,IN,2022-01-06 05:02:13,25.9333,81.9833,65.12,52,100,4.43
256,Cabo San Lucas,MX,2022-01-06 04:58:50,22.8909,-109.9124,70.52,72,0,3.53
257,Mombetsu,JP,2022-01-06 05:00:36,44.3525,143.3525,23.86,86,75,9.22
258,Krasnoselkup,RU,2022-01-06 05:02:14,65.7,82.4667,-26.18,97,84,10.8
259,Fort Nelson,CA,2022-01-06 05:00:15,58.8053,-122.7002,-38.27,100,27,1.39
260,Nikolskoye,RU,2022-01-06 05:02:14,59.7035,30.7861,30.09,98,99,5.03
261,Longyearbyen,SJ,2022-01-06 05:01:17,78.2186,15.6401,6.76,93,100,6.38
262,Doha,QA,2022-01-06 04:57:56,25.2867,51.5333,58.98,67,0,11.5
263,Narsaq,GL,2022-01-06 05:02:15,60.9167,-46.05,21.42,76,100,22.91
264,Skjervoy,NO,2022-01-06 05:02:16,70.0311,20.9714,29.93,57,92,17.47
265,Aden,YE,2022-01-06 05:02:16,12.7794,45.0367,77.81,78,92,14.63
266,Kone,NC,2022-01-06 05:02:17,-21.0595,164.8658,84.54,73,100,2.35
267,Namie,JP,2022-01-06 05:02:17,37.4833,141.0,44.98,40,82,5.12
268,Leshukonskoye,RU,2022-01-06 05:02:17,64.8989,45.7622,14.67,94,100,9.8
269,Ondjiva,AO,2022-01-06 05:02:18,-17.0667,15.7333,66.65,44,78,4.94
270,Pilar,BR,2022-01-06 05:02:18,-9.5972,-35.9567,75.13,84,43,4.29
271,Belyy Yar,RU,2022-01-06 05:03:19,53.6039,91.3903,19.29,86,75,0.0
272,Lagoa,PT,2022-01-06 05:03:07,39.05,-27.9833,59.23,67,100,21.16
273,Saint-Pierre,RE,2022-01-06 05:03:19,-21.3393,55.4781,83.88,65,0,5.75
274,Kapaa,US,2022-01-06 05:03:20,22.0752,-159.319,75.18,84,24,4.99
275,Kodiak,US,2022-01-06 05:03:20,57.79,-152.4072,33.01,72,100,24.49
276,Lalganj,IN,2022-01-06 05:03:21,25.8667,85.1833,53.55,41,86,7.58
277,Castanhal,BR,2022-01-06 05:03:21,-1.2939,-47.9264,74.79,98,74,2.33
278,Partur,IN,2022-01-06 05:03:22,19.6,76.2167,77.36,41,2,7.38
279,Faya,SA,2022-01-06 05:03:22,18.3851,42.4509,52.68,81,71,3.76
280,Hobyo,SO,2022-01-06 05:03:23,5.3505,48.5268,80.35,68,40,18.43
281,Bambous Virieux,MU,2022-01-06 05:03:23,-20.3428,57.7575,83.21,76,92,9.64
282,Sibiti,CG,2022-01-06 05:03:24,-3.6819,13.3499,68.09,97,100,1.14
283,Kirando,TZ,2022-01-06 05:03:24,-7.4167,30.6,72.19,84,100,9.08
284,Abong Mbang,CM,2022-01-06 05:03:25,3.9833,13.1833,64.47,52,100,2.24
285,Leningradskiy,RU,2022-01-06 05:03:25,69.3833,178.4167,0.0,90,31,2.13
286,Tura,IN,2022-01-06 05:03:25,25.5198,90.2201,73.53,40,34,2.62
287,Poum,NC,2022-01-06 05:03:26,-20.2333,164.0167,82.31,76,97,9.04
288,Mazamari,PE,2022-01-06 05:03:26,-11.3258,-74.5308,69.06,98,98,2.3
289,Neiafu,TO,2022-01-06 05:03:28,-18.65,-173.9833,83.08,69,100,4.52
290,Barcelos,PT,2022-01-06 05:03:29,41.5388,-8.6151,45.91,93,9,3.69
291,Marang,MY,2022-01-06 05:03:29,5.2056,103.2059,82.09,70,99,7.92
292,Samarai,PG,2022-01-06 05:03:30,-10.6167,150.6667,83.39,75,92,13.69
293,Georgetown,MY,2022-01-06 05:03:30,5.4112,100.3354,89.53,67,20,1.99
294,Vao,NC,2022-01-06 05:03:31,-22.6667,167.4833,78.35,78,100,17.25
295,Alofi,NU,2022-01-06 05:03:31,-19.0595,-169.9187,80.35,74,96,0.85
296,Salvador,SV,2022-01-06 05:00:06,13.8333,-88.9167,69.04,74,0,0.81
297,Hambantota,LK,2022-01-06 05:03:32,6.1241,81.1185,84.54,84,20,14.97
298,Comodoro Rivadavia,AR,2022-01-06 05:03:32,-45.8667,-67.5,71.1,42,3,5.73
299,Nome,US,2022-01-06 05:03:33,64.5011,-165.4064,7.16,63,2,2.71
300,Pathein,MM,2022-01-06 05:03:33,16.7833,94.7333,84.76,42,21,4.68
301,Boa Vista,BR,2022-01-06 05:00:46,2.8197,-60.6733,76.98,69,0,8.05
302,Kaduqli,SD,2022-01-06 05:03:34,11.0167,29.7167,66.49,30,15,9.8
303,Okakarara,NA,2022-01-06 05:03:34,-20.5833,17.4333,69.69,37,69,1.23
304,Saint-Augustin,CA,2022-01-06 05:03:35,51.226,-58.6502,7.52,95,100,8.93
305,Pochutla,MX,2022-01-06 05:03:35,15.7432,-96.4661,77.83,83,1,3.02
306,Sheltozero,RU,2022-01-06 05:03:35,61.3667,35.3667,27.36,90,100,9.8
307,Coihaique,CL,2022-01-06 05:03:08,-45.5752,-72.0662,50.7,97,3,4.9
308,Kununurra,AU,2022-01-06 04:58:58,-15.7667,128.7333,103.39,26,99,12.08
309,Markova,UA,2022-01-06 05:03:36,48.6758,24.4138,33.39,93,100,1.59
310,Alta Floresta,BR,2022-01-06 05:01:10,-9.8756,-56.0861,71.91,98,100,2.93
311,Yucca Valley,US,2022-01-06 05:03:05,34.1142,-116.4322,54.32,48,6,4.0
312,Lompoc,US,2022-01-06 05:02:44,34.6391,-120.4579,60.69,63,1,3.44
313,Kailua,US,2022-01-06 05:01:11,21.4022,-157.7394,75.02,87,4,7.96
314,Rio Gallegos,AR,2022-01-06 05:02:03,-51.6226,-69.2181,54.23,87,100,10.67
315,Yaan,NG,2022-01-06 05:04:38,7.3833,8.5667,73.22,31,46,5.99
316,Thinadhoo,MV,2022-01-06 05:04:38,0.5333,72.9333,81.61,77,95,8.57
317,Tautira,PF,2022-01-06 05:04:39,-17.7333,-149.15,84.0,75,95,9.28
318,Victoria,HK,2022-01-06 05:02:31,22.2855,114.1577,77.97,78,22,1.99
319,Lata,PT,2022-01-06 05:04:39,40.1629,-8.3327,48.81,96,6,1.74
320,Bilibino,RU,2022-01-06 05:04:40,68.0546,166.4372,-2.96,83,78,3.47
321,Sao Filipe,CV,2022-01-06 05:04:40,14.8961,-24.4956,73.85,71,83,8.01
322,Chifeng,CN,2022-01-06 05:00:28,42.2683,118.9636,28.94,34,0,2.91
323,Aripuana,BR,2022-01-06 05:04:41,-9.1667,-60.6333,71.87,100,97,1.45
324,Bethel,US,2022-01-06 05:04:41,41.3712,-73.414,40.5,91,90,0.0
325,Tanout,NE,2022-01-06 05:04:42,14.9709,8.8879,60.1,28,13,10.47
326,Dinard,FR,2022-01-06 05:04:43,48.6314,-2.0614,43.68,59,90,5.75
327,Llanelli,GB,2022-01-06 05:04:43,51.682,-4.1619,46.47,71,27,10.63
328,Wilkie,CA,2022-01-06 05:04:43,52.4168,-108.7014,-32.42,74,73,4.99
329,Grindavik,IS,2022-01-06 05:04:44,63.8424,-22.4338,41.47,81,90,40.29
330,Jumla,NP,2022-01-06 05:01:18,29.2747,82.1838,44.82,92,97,1.52
331,Whitehorse,CA,2022-01-06 05:04:45,60.7161,-135.0538,-42.7,64,52,1.99
332,Sobolevo,RU,2022-01-06 05:04:45,54.4299,31.8996,31.87,99,100,7.18
333,Batticaloa,LK,2022-01-06 05:04:45,7.7102,81.6924,81.37,79,73,15.08
334,Vila,PT,2022-01-06 05:04:46,42.0304,-8.1588,38.32,95,55,1.68
335,Libenge,CD,2022-01-06 05:04:46,3.65,18.6333,71.01,55,100,1.72
336,Buraydah,SA,2022-01-06 05:04:47,26.326,43.975,50.32,67,0,3.74
337,Lakes Entrance,AU,2022-01-06 05:04:47,-37.8811,147.981,75.16,80,100,4.72
338,Chivilcoy,AR,2022-01-06 05:04:47,-34.8957,-60.0167,62.02,10,0,7.0
339,Clarence Town,AU,2022-01-06 05:04:48,-32.5833,151.7833,82.81,64,87,12.8
340,Pasni,PK,2022-01-06 05:02:10,25.2631,63.471,70.09,45,96,2.39
341,Tomatlan,MX,2022-01-06 05:04:49,19.9333,-105.25,65.3,92,41,2.55
342,Rio De Janeiro,BR,2022-01-06 05:03:36,-22.9028,-43.2075,79.92,85,100,4.59
343,Moron,AR,2022-01-06 05:04:49,-34.6534,-58.6198,68.99,65,0,4.0
344,Mar Del Plata,AR,2022-01-06 05:04:50,-38.0023,-57.5575,60.87,74,33,1.01
345,Belmopan,BZ,2022-01-06 05:04:50,17.25,-88.7667,68.38,98,8,2.37
346,Kahului,US,2022-01-06 05:01:11,20.8947,-156.47,75.85,91,7,1.01
347,Bac Lieu,VN,2022-01-06 05:04:51,9.285,105.7244,84.51,64,86,15.26
348,Fare,PF,2022-01-06 05:04:51,-16.7,-151.0167,81.68,71,79,5.84
349,Winslow,US,2022-01-06 05:04:51,35.0242,-110.6974,33.98,75,1,5.75
350,Gamba,GA,2022-01-06 05:04:52,-2.65,10.0,75.96,93,50,3.67
351,Buala,SB,2022-01-06 05:04:52,-8.145,159.5921,85.03,70,97,5.73
352,Usoke,TZ,2022-01-06 05:04:53,-5.1667,32.35,65.52,92,94,3.91
353,Demba,CD,2022-01-06 05:04:53,-5.51,22.2667,66.81,95,100,1.41
354,Teguldet,RU,2022-01-06 05:04:54,57.3064,88.1667,6.51,91,99,8.41
355,Veinticinco De Mayo,AR,2022-01-06 05:04:54,-35.4323,-60.1727,62.06,69,0,8.12
356,Pemangkat,ID,2022-01-06 05:04:54,1.1667,108.9667,83.46,74,41,7.11
357,Codrington,AU,2022-01-06 05:04:55,-38.2667,141.9667,73.45,69,71,16.31
358,Wajir,KE,2022-01-06 05:02:16,1.7471,40.0573,80.42,66,56,15.23
359,Sembakung,ID,2022-01-06 05:04:55,3.8167,117.25,80.53,63,100,1.36
360,Xining,CN,2022-01-06 05:05:56,36.6167,101.7667,31.68,28,80,1.74
361,Sinjar,IQ,2022-01-06 05:05:56,36.3209,41.8754,42.8,57,0,2.64
362,Acarau,BR,2022-01-06 05:01:10,-2.8856,-40.12,77.83,83,99,7.9
363,Muroto,JP,2022-01-06 05:05:57,33.2833,134.15,46.65,86,100,9.8
364,Umm Lajj,SA,2022-01-06 05:05:57,25.0213,37.2685,70.16,26,62,7.47
365,Mulchen,CL,2022-01-06 05:01:18,-37.7167,-72.2333,56.39,67,0,4.74
366,Saiki,JP,2022-01-06 05:05:58,32.95,131.9,48.38,83,100,14.23
367,Marmaris,TR,2022-01-06 05:05:58,36.855,28.2742,62.58,89,100,6.96
368,Suileng,CN,2022-01-06 05:05:59,47.25,127.0833,0.72,83,31,5.64
369,Cuamba,MZ,2022-01-06 05:05:59,-14.8031,36.5372,70.48,97,100,2.13
370,Santo Antonio Do Ica,BR,2022-01-06 05:05:59,-3.1022,-67.9397,73.85,97,88,1.61
371,Ulaangom,MN,2022-01-06 05:06:00,49.9811,92.0667,-9.08,90,82,2.21
372,Severo-Kurilsk,RU,2022-01-06 05:06:00,50.6789,156.125,30.11,71,67,8.59
373,Otane,NZ,2022-01-06 05:06:01,-39.8833,176.6333,63.01,81,98,9.91
374,Husum,DE,2022-01-06 05:06:01,54.4858,9.0524,33.91,79,65,2.93
375,Ostersund,SE,2022-01-06 05:06:01,63.1792,14.6357,18.61,92,1,6.91
376,Kiunga,PG,2022-01-06 05:06:02,-6.1219,141.2906,84.74,77,98,5.17
377,Suleja,NG,2022-01-06 05:06:02,9.1758,7.1808,72.75,32,34,4.36
378,Zaysan,KZ,2022-01-06 05:06:03,47.4667,84.8667,23.02,85,97,1.39
379,Winneba,GH,2022-01-06 05:06:03,5.3511,-0.6231,78.94,82,30,3.27
380,Abha,SA,2022-01-06 05:06:04,18.2164,42.5053,52.05,94,75,4.61
381,Timbiqui,CO,2022-01-06 05:06:04,2.7717,-77.6654,73.44,94,100,3.24
382,Sidi Ali,DZ,2022-01-06 05:06:04,36.0998,0.4206,49.03,80,100,12.91
383,Lubbenau,DE,2022-01-06 05:06:05,51.8667,13.9667,35.2,81,70,14.05
384,Nara,JP,2022-01-06 05:06:05,34.6851,135.8049,45.7,50,100,1.25
385,Tallahassee,US,2022-01-06 05:01:17,30.4383,-84.2807,56.62,73,68,0.63
386,Moindou,NC,2022-01-06 05:06:06,-21.6924,165.677,75.15,81,88,6.8
387,Fez,MA,2022-01-06 05:06:06,34.0372,-4.9998,52.05,57,75,16.11
388,Manta,EC,2022-01-06 05:01:31,-0.95,-80.7333,73.76,78,67,8.23
389,Waingapu,ID,2022-01-06 05:06:07,-9.6567,120.2641,83.89,70,64,6.82
390,Bengkulu,ID,2022-01-06 05:06:07,-3.8004,102.2655,83.66,69,98,5.97
391,Ranot,TH,2022-01-06 05:06:08,7.7777,100.3213,82.51,69,16,8.81
392,Lebu,CL,2022-01-06 05:01:31,-37.6167,-73.65,56.21,91,11,15.43
393,Uyuni,BO,2022-01-06 05:06:08,-20.4597,-66.825,52.29,60,25,14.25
394,Okhotsk,RU,2022-01-06 05:06:09,59.3833,143.3,19.87,91,100,3.36
395,Sawakin,SD,2022-01-06 05:06:10,19.1059,37.3321,71.94,63,64,9.71
396,Hasaki,JP,2022-01-06 05:06:10,35.7333,140.8333,35.89,80,100,8.52
397,Petropavlovsk-Kamchatskiy,RU,2022-01-06 05:06:11,53.0452,158.6483,30.79,55,75,13.42
398,Huaicheng,CN,2022-01-06 05:06:11,23.9051,112.1931,69.1,50,61,3.53
399,Pinawa,CA,2022-01-06 05:06:11,50.1489,-95.8811,-9.58,97,100,4.92
400,Sinnamary,GF,2022-01-06 05:06:12,5.3833,-52.95,74.95,91,47,5.91
401,Bo Rai,TH,2022-01-06 05:06:12,12.5728,102.5371,89.76,30,30,7.94
402,Vanavara,RU,2022-01-06 05:06:13,60.34,102.2797,19.42,93,100,7.45
403,Bubaque,GW,2022-01-06 05:06:13,11.2833,-15.8333,78.58,69,35,12.93
404,Caronport,CA,2022-01-06 05:06:14,50.4501,-105.8179,-25.31,99,99,6.62
405,Coquimbo,CL,2022-01-06 05:04:31,-29.9533,-71.3436,62.11,84,16,5.21
406,Santa Cruz Cabralia,BR,2022-01-06 05:07:14,-16.2781,-39.0247,75.43,88,0,4.61
407,Ayagoz,KZ,2022-01-06 05:07:15,47.9714,80.4392,18.66,96,100,5.82
408,Olinda,BR,2022-01-06 05:07:15,-8.0089,-34.8553,80.33,78,40,8.05
409,Acari,PE,2022-01-06 05:07:15,-15.4311,-74.6158,72.54,84,100,3.29
410,Crotone,IT,2022-01-06 05:07:16,39.0851,17.1178,54.01,72,39,9.86
411,Le Vauclin,MQ,2022-01-06 05:07:16,14.5452,-60.8388,75.25,78,75,3.44
412,Zhezkazgan,KZ,2022-01-06 05:07:17,47.8043,67.7144,6.78,85,20,8.95
413,Sunrise Manor,US,2022-01-06 05:04:09,36.2111,-115.0731,52.05,40,1,6.91
414,Halvad,IN,2022-01-06 05:07:18,23.0167,71.1833,65.43,87,100,5.01
415,Portland,US,2022-01-06 05:03:59,45.5234,-122.6762,42.91,94,90,1.01
416,Kendari,ID,2022-01-06 05:07:18,-3.945,122.4989,85.24,65,98,1.21
417,Yeppoon,AU,2022-01-06 05:07:19,-23.1333,150.7333,92.98,65,19,14.88
418,Pontianak,ID,2022-01-06 05:07:19,-0.0333,109.3333,85.98,74,75,3.44
419,Isangel,VU,2022-01-06 05:07:20,-19.55,169.2667,89.71,70,40,4.61
420,Kambove,CD,2022-01-06 05:07:20,-10.8764,26.5969,61.45,98,100,0.94
421,Pangnirtung,CA,2022-01-06 05:07:20,66.1451,-65.7125,0.7,99,100,3.96
422,Matveyevka,RU,2022-01-06 05:07:21,52.15,56.1833,5.95,96,100,4.12
423,Serebryansk,KZ,2022-01-06 05:07:21,49.6925,83.2892,17.15,94,100,1.7
424,Quatre Cocos,MU,2022-01-06 05:07:22,-20.2078,57.7625,83.08,75,100,9.42
425,Port Moresby,PG,2022-01-06 05:07:22,-9.4431,147.1797,77.49,84,100,3.06
426,Sorland,NO,2022-01-06 05:07:22,67.667,12.6934,32.49,54,100,23.29
427,Tokur,RU,2022-01-06 05:07:23,53.1333,132.9,-10.7,85,15,2.42
428,Gao,ML,2022-01-06 05:07:23,16.6362,1.637,60.04,27,76,10.65
429,Orbottyan,HU,2022-01-06 05:07:24,47.6871,19.2824,39.42,57,98,15.64
430,Nola,IT,2022-01-06 05:07:24,40.922,14.5329,54.72,91,99,4.92
431,Znamenskoye,RU,2022-01-06 05:07:25,57.1281,73.8282,-15.77,99,35,2.93
432,Kyzyl-Suu,KG,2022-01-06 05:07:25,42.3414,78.0056,31.89,69,73,1.43
433,Palmer,US,2022-01-06 05:07:25,42.1584,-72.3287,40.21,88,90,1.01
434,Leh,IN,2022-01-06 05:07:26,34.1667,77.5833,20.64,93,100,3.33
435,Marzuq,YE,2022-01-06 05:07:26,14.4,46.4667,61.86,56,81,3.69
436,Stary Sacz,PL,2022-01-06 05:07:27,49.5636,20.635,37.24,92,100,3.85
437,Roma,US,2022-01-06 05:07:27,43.2128,-75.4557,35.46,82,99,5.01
438,Nantucket,US,2022-01-06 05:07:28,41.2835,-70.0995,50.14,94,100,15.75
439,Schattdorf,CH,2022-01-06 05:07:28,46.8655,8.6547,32.13,92,87,3.4
440,Olovyannaya,RU,2022-01-06 05:07:28,50.95,115.5667,1.62,90,26,1.12
441,Verkhnevilyuysk,RU,2022-01-06 05:07:29,63.4453,120.3167,-17.14,88,100,7.58
442,Calvia,ES,2022-01-06 05:07:29,39.5657,2.5062,43.09,86,36,8.01
443,Imbituba,BR,2022-01-06 05:04:52,-28.24,-48.6703,75.81,90,100,12.93
444,Sapouy,BF,2022-01-06 05:07:30,11.5544,-1.7736,64.69,23,68,7.0
445,Kushiro,JP,2022-01-06 05:04:39,42.975,144.3747,27.7,53,1,5.3
446,Portel,BR,2022-01-06 05:07:30,-1.9356,-50.8211,73.02,97,88,3.04
447,Nakhon Thai,TH,2022-01-06 05:07:31,17.1006,100.8374,92.35,31,82,3.36
448,Alkhan-Yurt,RU,2022-01-06 05:07:31,43.2318,45.5723,31.93,60,57,1.07
449,Pacific Grove,US,2022-01-06 05:07:32,36.6177,-121.9166,57.29,92,20,1.01
450,Biak,ID,2022-01-06 05:07:32,-0.9131,122.8766,84.0,68,88,4.43
451,Argentan,FR,2022-01-06 05:07:32,48.75,-0.0167,36.32,77,66,2.15
452,Rancho Palos Verdes,US,2022-01-06 05:07:33,33.7445,-118.387,66.18,56,7,1.99
453,Bani Walid,LY,2022-01-06 05:07:33,31.7566,13.9942,52.63,39,33,9.57
454,Chulym,RU,2022-01-06 05:08:34,55.0997,80.9572,-4.4,98,43,6.49
455,El Alto,PE,2022-01-06 05:08:34,-4.2714,-81.2147,67.57,83,4,12.06
456,Maltahohe,NA,2022-01-06 05:08:35,-24.8333,16.9833,68.04,22,38,3.91
457,Homestead,US,2022-01-06 05:05:53,25.4687,-80.4776,70.0,93,1,0.0
458,Sulangan,PH,2022-01-06 05:08:35,11.1373,123.7228,79.65,71,63,13.69
459,Ust-Maya,RU,2022-01-06 05:08:36,60.4167,134.5333,-36.6,98,61,0.67
460,Vacaria,BR,2022-01-06 05:05:28,-28.5122,-50.9339,59.72,98,100,7.36
461,Chokwe,MZ,2022-01-06 05:08:36,-24.5333,32.9833,78.73,68,46,6.04
462,Atikokan,CA,2022-01-06 05:08:37,48.7555,-91.6216,-4.4,91,100,6.91
463,Hofn,IS,2022-01-06 05:08:37,64.2539,-15.2082,41.25,97,100,36.84
464,Jacareacanga,BR,2022-01-06 05:08:37,-6.2222,-57.7528,72.45,99,99,1.28
465,Khandyga,RU,2022-01-06 05:08:38,62.6667,135.6,-32.06,98,98,2.17
466,Constitucion,CL,2022-01-06 05:08:38,-35.3333,-72.4167,54.99,85,2,10.27
467,Evensk,RU,2022-01-06 05:08:39,61.95,159.2333,11.16,71,7,7.38
468,Emerald,AU,2022-01-06 05:06:13,-23.5333,148.1667,103.33,25,2,10.36
469,Imeni Poliny Osipenko,RU,2022-01-06 05:08:40,52.4201,136.4853,-14.1,91,79,3.0
470,Ordynskoye,RU,2022-01-06 05:08:40,54.3656,81.8994,0.97,97,42,6.31
471,Kenai,US,2022-01-06 05:08:41,60.5544,-151.2583,-3.91,83,1,0.0
472,Port Lincoln,AU,2022-01-06 05:07:48,-34.7333,135.8667,66.97,70,79,20.8
473,Flin Flon,CA,2022-01-06 05:08:41,54.7682,-101.865,-15.29,93,100,7.02
474,Jizan,SA,2022-01-06 05:08:42,17.3333,42.6667,76.68,66,73,2.17
475,Dickinson,US,2022-01-06 05:08:42,29.4608,-95.0513,65.95,91,40,0.0
476,Manzhouli,CN,2022-01-06 05:08:42,49.6,117.4333,5.4,86,25,3.02
477,East Foothills,US,2022-01-06 05:08:43,37.3811,-121.8175,57.61,88,75,1.01
478,Agnibilekrou,CI,2022-01-06 05:08:43,7.1344,-3.2047,67.37,39,30,0.72
479,Loudeac,FR,2022-01-06 05:08:44,48.1783,-2.7543,39.0,80,7,2.51
480,Armidale,AU,2022-01-06 05:08:44,-30.5167,151.65,72.81,62,66,12.21
481,Bar Harbor,US,2022-01-06 05:04:42,44.3876,-68.2039,44.24,87,40,14.0
482,Canto Do Buriti,BR,2022-01-06 05:08:45,-8.11,-42.9444,71.38,91,91,1.63
483,Plettenberg Bay,ZA,2022-01-06 05:08:45,-34.0527,23.3716,67.12,75,37,6.96
484,Lewistown,US,2022-01-06 05:08:46,40.5992,-77.5714,39.94,100,20,0.0
485,Kristiinankaupunki,FI,2022-01-06 05:08:46,62.2743,21.376,10.33,92,46,5.35
486,Ekibastuz,KZ,2022-01-06 05:08:47,51.6667,75.3667,12.42,80,83,8.46
487,Chaozhou,CN,2022-01-06 05:08:47,23.6651,116.6379,68.07,67,80,2.95
488,Sredniy Ikorets,RU,2022-01-06 05:08:47,51.0675,39.7584,35.31,100,100,11.7
489,Tarko-Sale,RU,2022-01-06 05:08:48,64.9225,77.785,-25.89,90,43,10.11
490,Serenje,ZM,2022-01-06 05:08:48,-13.2325,30.2352,62.76,98,100,1.07
491,High Rock,BS,2022-01-06 05:08:49,26.6208,-78.2833,66.22,75,8,13.31
492,Paamiut,GL,2022-01-06 05:08:49,61.994,-49.6678,23.22,69,100,18.77
493,Hopeman,GB,2022-01-06 05:08:50,57.7068,-3.4291,35.42,66,75,11.5
494,Liberal,US,2022-01-06 05:08:50,37.0431,-100.921,15.94,67,1,19.57
495,Matamoros,MX,2022-01-06 05:08:50,25.5333,-103.25,60.12,29,0,4.99
496,Narasannapeta,IN,2022-01-06 05:08:51,18.4167,84.05,76.35,58,15,3.38
497,Canutama,BR,2022-01-06 05:08:51,-6.5339,-64.3831,73.02,98,100,2.21
498,Richards Bay,ZA,2022-01-06 05:08:52,-28.783,32.0377,73.36,88,100,12.68
499,Ati,TD,2022-01-06 05:08:52,13.2154,18.3353,65.05,23,57,8.46
500,Carutapera,BR,2022-01-06 05:09:52,-1.195,-46.02,74.1,93,99,5.48
501,Jacqueville,CI,2022-01-06 05:09:53,5.2052,-4.4146,76.91,79,29,2.55
502,Baruun-Urt,MN,2022-01-06 05:09:53,46.6806,113.2792,14.29,65,1,14.85
503,Lebanon,US,2022-01-06 05:09:54,36.2081,-86.2911,41.22,64,1,8.05
504,Damara,CF,2022-01-06 05:05:09,4.9608,18.7035,71.37,40,97,2.01
505,Homer,US,2022-01-06 05:09:54,59.6425,-151.5483,19.78,83,1,3.44
506,Qurayyat,SA,2022-01-06 05:09:55,31.3318,37.3428,48.69,73,0,7.61
507,Salalah,OM,2022-01-06 05:09:55,17.0151,54.0924,71.69,26,0,16.11
508,Garibaldi,BR,2022-01-06 05:08:11,-29.2561,-51.5336,63.91,97,100,4.03
509,Wainwright,CA,2022-01-06 05:06:19,52.839,-110.8572,-37.61,100,39,3.74
510,Portoviejo,EC,2022-01-06 05:09:56,-1.05,-80.45,74.61,74,86,2.8
511,Ukiah,US,2022-01-06 05:09:56,39.1502,-123.2078,52.52,92,75,0.0
512,Mandalgovi,MN,2022-01-06 05:09:57,45.7625,106.2708,18.77,29,0,10.94
513,Axim,GH,2022-01-06 05:09:57,4.8699,-2.2405,78.12,85,47,4.99
514,Gat,IL,2022-01-06 05:06:03,31.61,34.7642,45.28,81,0,2.64
515,San Vicente,AR,2022-01-06 05:09:58,-26.6167,-54.1333,65.1,87,45,7.52
516,Korla,CN,2022-01-06 05:09:58,41.7597,86.1469,28.38,43,100,2.01
517,Karatsu,JP,2022-01-06 05:09:59,33.4425,129.9697,55.02,25,64,5.99
518,Sergeyevka,KZ,2022-01-06 05:09:59,53.88,67.4158,16.66,96,99,5.7
519,Tamandare,BR,2022-01-06 05:10:00,-8.7597,-35.1047,77.68,79,18,6.11
520,Nalut,LY,2022-01-06 05:10:01,30.3333,10.85,48.36,50,59,8.21
521,Karasjok,NO,2022-01-06 05:10:01,69.4719,25.5112,6.91,98,99,4.68
522,Te Anau,NZ,2022-01-06 05:08:19,-45.4167,167.7167,60.06,42,51,6.53
523,Hualmay,PE,2022-01-06 05:10:02,-11.0964,-77.6139,69.12,87,93,7.2
524,Shetpe,KZ,2022-01-06 05:10:02,44.1667,52.1167,29.79,84,54,6.38
525,Svencionys,LT,2022-01-06 05:10:03,55.15,26.1667,31.78,90,98,11.88
526,Kaiyuan,CN,2022-01-06 05:10:03,23.6977,103.3037,65.64,49,38,3.53
527,Grojec,PL,2022-01-06 05:10:04,51.8625,20.8676,38.39,94,97,16.64
528,Coahuayana,MX,2022-01-06 05:10:04,18.7333,-103.6833,69.03,90,6,3.44
529,Amapa,BR,2022-01-06 05:10:04,1.0,-52.0,70.09,100,71,1.66
530,Sur,OM,2022-01-06 05:10:05,22.5667,59.5289,69.85,52,0,2.46
531,Fort Abbas,PK,2022-01-06 05:10:05,29.1925,72.8536,56.97,75,7,6.96
532,Guajara,BR,2022-01-06 05:10:06,-2.9667,-57.6667,75.0,92,100,1.19
533,Mahdasht,IR,2022-01-06 05:10:06,35.7299,50.8111,41.22,74,0,4.61
534,Manyana,BW,2022-01-06 05:10:07,-23.4,21.7167,72.19,62,99,7.83
535,Lucapa,AO,2022-01-06 05:10:07,-8.4192,20.7447,65.32,98,100,1.39
536,Kodino,RU,2022-01-06 05:10:07,63.7198,39.6447,19.26,94,100,8.9
537,Bilozerka,UA,2022-01-06 05:10:08,46.6248,32.4425,43.86,93,90,8.88
538,Arlit,NE,2022-01-06 05:10:08,18.7369,7.3853,59.07,26,10,7.16
539,Lukovetskiy,RU,2022-01-06 05:10:09,64.2956,41.9211,15.78,93,100,9.04
540,Patos De Minas,BR,2022-01-06 05:10:09,-18.5789,-46.5181,69.31,98,100,2.73
541,Champerico,GT,2022-01-06 05:10:09,14.3,-91.9167,78.04,73,17,4.29
542,Congonhas,BR,2022-01-06 05:10:10,-20.4997,-43.8578,66.6,98,100,6.26
543,San Policarpo,PH,2022-01-06 05:10:10,12.1791,125.5072,80.92,75,70,12.35
544,Trat,TH,2022-01-06 05:10:11,12.5,102.5,89.91,28,29,9.62
545,Hirara,JP,2022-01-06 05:10:11,24.8,125.2833,68.99,73,100,24.87
546,Guerrero Negro,MX,2022-01-06 05:11:11,27.9769,-114.0611,59.99,73,10,7.96
547,Gladstone,AU,2022-01-06 05:11:12,-23.85,151.25,89.53,55,31,11.5
548,Tulum,MX,2022-01-06 05:11:12,20.2167,-87.4667,70.93,91,69,3.27
549,College Station,US,2022-01-06 05:11:13,30.628,-96.3344,55.74,73,1,3.44
550,Dwarka,IN,2022-01-06 05:11:13,22.2394,68.9678,67.32,87,100,6.04
551,Maracas,BR,2022-01-06 05:11:13,-13.4411,-40.4308,62.26,97,97,4.36
552,Gisborne,NZ,2022-01-06 05:11:14,-38.6533,178.0042,67.95,86,95,13.91
553,Vikulovo,RU,2022-01-06 05:11:14,56.8167,70.6107,-19.03,99,60,4.18
554,Hami,CN,2022-01-06 05:11:15,42.8,93.45,26.83,37,100,6.73
555,Antibes,FR,2022-01-06 05:11:15,43.5624,7.1278,51.1,81,90,5.75
556,Lasa,IT,2022-01-06 05:11:16,46.6166,10.7002,23.74,89,98,7.52
557,Port Hedland,AU,2022-01-06 05:11:16,-20.3167,118.5667,93.25,55,10,17.27
558,Kuliyapitiya,LK,2022-01-06 05:11:16,7.4688,80.0401,86.34,57,99,11.95
559,Brae,GB,2022-01-06 05:11:17,60.3964,-1.353,39.11,66,72,8.61
560,Atasu,KZ,2022-01-06 05:11:17,48.6814,71.6433,14.85,87,100,3.91
561,Nuuk,GL,2022-01-06 05:11:18,64.1835,-51.7216,23.61,74,75,9.22
562,Morant Bay,JM,2022-01-06 05:11:18,17.8815,-76.4093,71.62,70,0,6.24
563,Mishkino,RU,2022-01-06 05:11:18,55.3389,63.9175,-15.18,100,28,4.38
564,Sola,VU,2022-01-06 05:11:19,-13.8833,167.55,82.31,73,99,13.51
565,Rock Springs,US,2022-01-06 05:08:06,41.5875,-109.2029,31.05,79,100,7.0
566,Kowary,PL,2022-01-06 05:11:19,50.7931,15.8356,36.36,95,99,9.04
567,San Jeronimo,PE,2022-01-06 05:11:20,-11.9472,-75.2829,51.39,78,85,1.72
568,Ferkessedougou,CI,2022-01-06 05:11:20,9.6,-5.2,70.02,25,52,5.1
569,Ayame,CI,2022-01-06 05:11:21,5.6083,-3.1563,74.1,93,15,2.3
570,Aktash,RU,2022-01-06 05:11:21,50.3,87.7333,13.42,87,100,3.8
571,Virginia Beach,US,2022-01-06 05:11:21,36.8529,-75.978,48.42,95,75,12.66
572,Sibu,MY,2022-01-06 05:11:22,2.3,111.8167,86.22,71,81,1.77
573,Porto Belo,BR,2022-01-06 05:11:22,-27.1578,-48.5531,74.16,88,100,6.55
574,Uva,RU,2022-01-06 05:11:23,56.9908,52.1852,4.66,84,100,11.14
575,Bukachacha,RU,2022-01-06 05:11:23,52.9833,116.9167,4.5,80,10,2.48
576,Desbiens,CA,2022-01-06 05:11:24,48.4178,-71.9495,19.72,96,100,5.28
577,Vestmanna,FO,2022-01-06 05:11:24,62.1564,-7.1664,36.52,75,90,20.71
578,Tezu,IN,2022-01-06 05:11:24,27.9167,96.1667,74.46,26,38,4.21
579,Stornoway,GB,2022-01-06 05:11:25,58.2093,-6.3865,41.94,72,75,8.99
580,Puerto Leguizamo,CO,2022-01-06 05:11:25,-0.1934,-74.7819,75.76,57,99,2.13
